{"word_adjacency/darwin": {"n": 7377, "E": 44205, "mean degree": 11.984546563643757, "std degree": 60.82596305910001, "clustering coefficient": 0.036077203700239084, "metric backbone computation time": 8.18686318397522}, "word_adjacency/french": {"n": 8308, "E": 23832, "mean degree": 5.737120847376023, "std degree": 34.89789748549849, "clustering coefficient": 0.011835497947659071, "metric backbone computation time": 8.594696998596191}, "word_adjacency/spanish": {"n": 11558, "E": 43050, "mean degree": 7.449385706869701, "std degree": 57.90704006450835, "clustering coefficient": 0.016815073920421492, "metric backbone computation time": 16.41467785835266}, "word_adjacency/japanese": {"n": 2698, "E": 7995, "mean degree": 5.926612305411416, "std degree": 24.66950913501055, "clustering coefficient": 0.030126608466832253, "metric backbone computation time": 0.7661488056182861}, "dblp_cite": {"n": 12494, "E": 49579, "mean degree": 7.936449495757964, "std degree": 16.883776621070474, "clustering coefficient": 0.061980040325996716, "metric backbone computation time": 22.638377904891968}, "foldoc": {"n": 13356, "E": 91471, "mean degree": 13.697364480383348, "std degree": 15.482841625105143, "clustering coefficient": 0.11319453494938964, "metric backbone computation time": 35.96804594993591}, "google": {"n": 15763, "E": 148585, "mean degree": 18.852375816786143, "std degree": 129.00588364688116, "clustering coefficient": 0.01325257835301457, "metric backbone computation time": 41.80328989028931}, "word_assoc": {"n": 23132, "E": 297094, "mean degree": 25.686840740100294, "std degree": 44.646469706274935, "clustering coefficient": 0.040393756879155626, "metric backbone computation time": 151.71213126182556}, "cora": {"n": 23166, "E": 89157, "mean degree": 7.697228697228697, "std degree": 11.093000706957216, "clustering coefficient": 0.1168747561740802, "metric backbone computation time": 107.35688614845276}, "movielens_100k": {"n": 23761, "E": 70946, "mean degree": 5.971634190480199, "std degree": 15.56346659398929, "clustering coefficient": 0.0, "metric backbone computation time": 79.14217591285706}, "webkb/webkb_cornell_cocite": {"n": 346, "E": 13416, "mean degree": 77.54913294797687, "std degree": 61.112794057497624, "clustering coefficient": 0.7969647940737516, "metric backbone computation time": 0.04966473579406738}, "webkb/webkb_washington_cocite": {"n": 434, "E": 15231, "mean degree": 70.1889400921659, "std degree": 65.87490775817818, "clustering coefficient": 0.7635406659721, "metric backbone computation time": 0.0588688850402832}, "webkb/webkb_texas_cocite": {"n": 334, "E": 16494, "mean degree": 98.76646706586827, "std degree": 67.79150372531012, "clustering coefficient": 0.8176072671047545, "metric backbone computation time": 0.04187417030334473}, "webkb/webkb_wisconsin_cocite": {"n": 348, "E": 16625, "mean degree": 95.54597701149426, "std degree": 68.9544299037835, "clustering coefficient": 0.834619137551805, "metric backbone computation time": 0.04561042785644531}}