{"word_adjacency/darwin": {"original density": 0.0016248029506024616, "metric backbone density": 0.00045121775866069044, "predicted p_mb": 0.000552433003204837, "relative error density prediction": 22.431573802541536, "empirical ratio deleted edges": 72.22938581608416, "predicted ratio deleted edges": 65.99999999999999}, "word_adjacency/french": {"original density": 0.0006906369143344195, "metric backbone density": 0.0002913588258106015, "predicted p_mb": 0.0003038802423071446, "relative error density prediction": 4.297592997811795, "empirical ratio deleted edges": 57.81302450486739, "predicted ratio deleted edges": 56.00000000000001}, "word_adjacency/spanish": {"original density": 0.000644577806253327, "metric backbone density": 0.00020244684130897177, "predicted p_mb": 0.00020626489800106465, "relative error density prediction": 1.8859551808298232, "empirical ratio deleted edges": 68.59233449477352, "predicted ratio deleted edges": 68.0}, "word_adjacency/japanese": {"original density": 0.002197483242644203, "metric backbone density": 0.0010249424655184782, "predicted p_mb": 0.0008350436322047971, "relative error density prediction": 18.527755430410302, "empirical ratio deleted edges": 53.35834896810506, "predicted ratio deleted edges": 62.0}, "dblp_cite": {"original density": 0.000635271711819256, "metric backbone density": 0.0003468694509905217, "predicted p_mb": 0.000317635855909628, "relative error density prediction": 8.42783790772412, "empirical ratio deleted edges": 45.39825329272475, "predicted ratio deleted edges": 50.0}, "foldoc": {"original density": 0.0010256356780519167, "metric backbone density": 0.0005813329619691451, "predicted p_mb": 0.00061538140683115, "relative error density prediction": 5.85696099988426, "empirical ratio deleted edges": 43.31974068283937, "predicted ratio deleted edges": 40.0}, "google": {"original density": 0.001196064954751056, "metric backbone density": 0.000318550852739937, "predicted p_mb": 0.00021529169185519005, "relative error density prediction": 32.41528314760065, "empirical ratio deleted edges": 73.36675976713664, "predicted ratio deleted edges": 82.0}, "word_assoc": {"original density": 0.0011104941740564737, "metric backbone density": 0.0004691755091909247, "predicted p_mb": 0.0006107717957310605, "relative error density prediction": 30.17981198215424, "empirical ratio deleted edges": 57.750745555278804, "predicted ratio deleted edges": 44.99999999999999}, "cora": {"original density": 0.00033227838105886885, "metric backbone density": 0.00018265490601629893, "predicted p_mb": 0.00018939867720355521, "relative error density prediction": 3.6920832483166426, "empirical ratio deleted edges": 45.029554605919884, "predicted ratio deleted edges": 43.00000000000001}, "movielens_100k": {"original density": 0.00025133140532324067, "metric backbone density": 0.0002504776451580037, "predicted p_mb": 0.00025133140532324067, "relative error density prediction": 0.3408528392617194, "empirical ratio deleted edges": 0.33969497928001413, "predicted ratio deleted edges": 0.0}, "webkb/webkb_cornell_cocite": {"original density": 0.22478009550138223, "metric backbone density": 0.06266231046326548, "predicted p_mb": 0.05619502387534556, "relative error density prediction": 10.32085561497328, "empirical ratio deleted edges": 72.12283840190817, "predicted ratio deleted edges": 75.0}, "webkb/webkb_washington_cocite": {"original density": 0.16209916880407826, "metric backbone density": 0.04641287342620875, "predicted p_mb": 0.04214578388906035, "relative error density prediction": 9.193762898417805, "empirical ratio deleted edges": 71.36760554133016, "predicted ratio deleted edges": 74.0}, "webkb/webkb_texas_cocite": {"original density": 0.2965959971947996, "metric backbone density": 0.08672744600888314, "predicted p_mb": 0.09787667907428388, "relative error density prediction": 12.855484138503009, "empirical ratio deleted edges": 70.75906390202498, "predicted ratio deleted edges": 67.0}, "webkb/webkb_wisconsin_cocite": {"original density": 0.27534863692073275, "metric backbone density": 0.06174434396634536, "predicted p_mb": 0.03854880916890259, "relative error density prediction": 37.56706008583689, "empirical ratio deleted edges": 77.57593984962406, "predicted ratio deleted edges": 86.0}}