{"word_adjacency/darwin": {"original density": 0.0016248029506024616, "metric backbone density": 0.00045121775866069044, "predicted p_mb": 0.0008618439696694957, "relative error density prediction": 91.00400042490139, "empirical ratio deleted edges": 72.22938581608416, "predicted ratio deleted edges": 46.957015966155645}, "word_adjacency/french": {"original density": 0.0006906369143344195, "metric backbone density": 0.0002913588258106015, "predicted p_mb": 0.0004250964852627894, "relative error density prediction": 45.90135860141212, "empirical ratio deleted edges": 57.81302450486739, "predicted ratio deleted edges": 38.44862959975672}, "word_adjacency/spanish": {"original density": 0.000644577806253327, "metric backbone density": 0.00020244684130897177, "predicted p_mb": 0.0003768647303673265, "relative error density prediction": 86.15490759480923, "empirical ratio deleted edges": 68.59233449477352, "predicted ratio deleted edges": 41.533089301058865}, "word_adjacency/japanese": {"original density": 0.002197483242644203, "metric backbone density": 0.0010249424655184782, "predicted p_mb": 0.0013879513406132198, "relative error density prediction": 35.41748803540008, "empirical ratio deleted edges": 53.35834896810506, "predicted ratio deleted edges": 36.839047794370614}, "dblp_cite": {"original density": 0.000635271711819256, "metric backbone density": 0.0003468694509905217, "predicted p_mb": 0.000484745181408662, "relative error density prediction": 39.74859418274565, "empirical ratio deleted edges": 45.39825329272475, "predicted ratio deleted edges": 23.69482657735923}, "foldoc": {"original density": 0.0010256356780519167, "metric backbone density": 0.0005813329619691451, "predicted p_mb": 0.0007009488232815397, "relative error density prediction": 20.576136076512945, "empirical ratio deleted edges": 43.31974068283937, "predicted ratio deleted edges": 31.657133397219994}, "google": {"original density": 0.001196064954751056, "metric backbone density": 0.000318550852739937, "predicted p_mb": 0.00048374499241990085, "relative error density prediction": 51.85801207533648, "empirical ratio deleted edges": 73.36675976713664, "predicted ratio deleted edges": 59.555290831125006}, "word_assoc": {"original density": 0.0011104941740564737, "metric backbone density": 0.0004691755091909247, "predicted p_mb": 0.0010339585428932074, "relative error density prediction": 120.37777391156446, "empirical ratio deleted edges": 57.750745555278804, "predicted ratio deleted edges": 6.892033560490718}, "cora": {"original density": 0.00033227838105886885, "metric backbone density": 0.00018265490601629893, "predicted p_mb": 0.0002650266411906083, "relative error density prediction": 45.09691908683746, "empirical ratio deleted edges": 45.029554605919884, "predicted ratio deleted edges": 20.239577324877413}, "movielens_100k": {"original density": 0.00025133140532324067, "metric backbone density": 0.0002504776451580037, "predicted p_mb": 0.00016114298181976448, "relative error density prediction": 35.66572309552258, "empirical ratio deleted edges": 0.33969497928001413, "predicted ratio deleted edges": 35.884263404123196}, "webkb/webkb_cornell_cocite": {"original density": 0.22478009550138223, "metric backbone density": 0.06266231046326548, "predicted p_mb": 0.017357763631241356, "relative error density prediction": 72.29951544570481, "empirical ratio deleted edges": 72.12283840190817, "predicted ratio deleted edges": 92.27789115734465}, "webkb/webkb_washington_cocite": {"original density": 0.16209916880407826, "metric backbone density": 0.04641287342620875, "predicted p_mb": 0.014594768961023198, "relative error density prediction": 68.55448093678743, "empirical ratio deleted edges": 71.36760554133016, "predicted ratio deleted edges": 90.99639494224476}, "webkb/webkb_texas_cocite": {"original density": 0.2965959971947996, "metric backbone density": 0.08672744600888314, "predicted p_mb": 0.017828505876748002, "relative error density prediction": 79.44306364686227, "empirical ratio deleted edges": 70.75906390202498, "predicted ratio deleted edges": 93.98895937727761}, "webkb/webkb_wisconsin_cocite": {"original density": 0.27534863692073275, "metric backbone density": 0.06174434396634536, "predicted p_mb": 0.017424690279092693, "relative error density prediction": 71.77929319551882, "empirical ratio deleted edges": 77.57593984962406, "predicted ratio deleted edges": 93.6717717313019}}